Accession;Residues;SCOP2
P29274;[61, 64, 65, 78, 79, 82, 83, 86, 165, 166, 167, 168, 175, 179, 244, 247, 248, 251, 262, 263, 265, 268, 269, 272, 275, 276];['1000000', '2', '2000339', '3000473']
P00519;[19, 20, 23, 24, 27, 40, 41, 42, 57, 61, 70, 84, 86, 87, 88, 89, 90, 91, 92, 93, 96, 141, 151, 152, 153];['1', '1000003', '2000046', '3000066']
P12821;[25, 29, 33, 86, 87, 106, 125, 129, 186, 240, 242, 244, 245, 314, 316, 317, 318, 319, 320, 321, 323, 331, 339, 340, 342, 343, 346, 347, 350, 354, 357, 365, 366, 367, 370, 373, 374, 378, 416, 417, 420, 474, 475, 476, 479, 480, 481, 482, 483, 485, 486, 490];['1', '1000003', '2001207', '3001975']
P04058;[71, 79, 80, 83, 84, 116, 117, 118, 120, 121, 122, 123, 126, 129, 198, 199, 289, 329, 330, 332, 333, 431, 435, 438, 439, 440, 441];['1', '1000002', '2000076', '3000102']
P78536;[98, 99, 129, 130, 131, 132, 133, 134, 173, 174, 178, 181, 182, 185, 186, 189, 190, 199, 216, 217, 218, 220, 221, 222, 223, 224, 225, 226, 227, 228, 231, 232];['1', '1000003', '2001207', '3001975']
P07700;[67, 70, 71, 86, 87, 90, 91, 94, 95, 168, 169, 170, 172, 176, 177, 180, 181, 184, 272, 275, 276, 279, 291, 294, 295, 298, 299, 302];['1000000', '2', '2000339', '3000473']
P07550;[89, 92, 93, 108, 109, 112, 113, 116, 117, 190, 191, 192, 194, 198, 199, 202, 203, 206, 207, 285, 288, 289, 292, 304, 307, 308, 311, 312, 315];['1000000', '2', '2000339', '3000473']
P31749;[12, 13, 14, 15, 20, 33, 35, 54, 67, 83, 84, 85, 86, 90, 134, 135, 137, 147, 148, 294];['1', '1000003', '2000046', '3000066']
P31751;[12, 13, 14, 15, 17, 20, 33, 35, 54, 58, 67, 68, 69, 81, 83, 84, 85, 86, 90, 92, 131, 133, 134, 136, 145, 146, 147, 148, 293, 294, 296, 297];['1', '1000003', '2000046', '3000066', '4003661']
P15121;[18, 19, 20, 21, 43, 47, 48, 49, 77, 79, 80, 110, 111, 113, 115, 121, 122, 159, 160, 183, 209, 210, 211, 212, 213, 214, 215, 216, 218, 219, 228, 229, 243, 244, 245, 260, 261, 262, 263, 264, 265, 268, 271, 272, 298, 299, 300, 303, 309, 310, 311];['1', '1000002', '2000031', '3000288']
P10275;[47, 50, 51, 53, 54, 57, 87, 88, 91, 92, 95, 98, 110, 126, 133, 219, 222, 223, 226, 241, 245];['1', '1000000', '2000883', '3001442', '4001384']
P27338;[59, 170, 187, 205, 342, 397, 433, 434];['1', '1000002', '2000021', '3000055']
P56817;[39, 41, 42, 44, 104, 105, 106, 108, 114];['1', '1000001', '2000671', '3001059']
P15056;[30, 31, 32, 33, 38, 48, 49, 50, 68, 72, 81, 94, 96, 97, 98, 99, 101, 102, 103, 105, 106, 110, 147, 148, 150, 160, 161, 162];['1', '1000003', '2000046', '3000066']
P24941;[7, 8, 9, 10, 11, 17, 30, 32, 63, 79, 80, 81, 82, 83, 84, 85, 87, 88, 128, 130, 131, 133, 143, 144, 161, 296, 297];['1', '1000003', '2000046', '3000066']
P21964;[38, 39, 40, 63, 64, 65, 66, 67, 68, 69, 70, 87, 88, 89, 90, 93, 115, 116, 117, 118, 139, 140, 141, 142, 144, 168, 172, 197];['1', '1000002', '2000088', '3000118']
P11712;[77, 81, 85, 90, 91, 178, 181, 182, 185, 186, 210, 214, 217, 269, 270, 273, 274, 277, 278, 339, 343, 453, 454];['1', '1000000', '2000672', '3001061', '4001206']
P08684;[25, 28, 32, 51, 80, 81, 82, 83, 89, 94, 95, 185, 186, 188, 190, 198, 199, 216, 275, 276, 279, 280, 284, 344, 345, 346, 347, 348, 349, 350, 456, 457, 458];['1', '1000000', '2000672', '3001061']
P07333;[48, 49, 50, 51, 58, 60, 76, 78, 95, 99, 109, 125, 126, 127, 128, 129, 130, 131, 132, 135, 136, 139, 247, 258, 259, 261, 262, 263];[]
P61073;[28, 30, 31, 35, 36, 39, 43, 91, 92, 95, 96, 100, 110, 111, 114, 118, 181, 183, 184, 185, 186, 194, 198, 201, 253, 257, 260, 279, 282, 283, 286];['1000000', '2', '2000339', '3000473']
P0A6K3;[40, 41, 42, 43, 44, 61, 85, 86, 87, 88, 89, 90, 93, 94, 95, 96, 124, 127, 128, 131, 132];['1', '1000003', '2000761', '3001229']
P28845;[16, 17, 19, 20, 21, 22, 23, 40, 41, 42, 43, 67, 68, 69, 70, 95, 96, 97, 98, 99, 100, 102, 114, 118, 144, 145, 146, 147, 148, 153, 156, 159, 163, 191, 192, 193, 194, 196, 197, 198, 199, 202, 203, 209];['1', '1000002', '2000148', '3000038']
P35462;[34, 84, 87, 88, 104, 105, 108, 109, 112, 113, 179, 180, 181, 186, 187, 190, 191, 194, 340, 343, 344, 347, 348, 363, 364, 367, 371];['1000000', '2', '2000339', '3000473', '4001858']
P00374;[6, 7, 8, 19, 20, 21, 23, 25, 26, 29, 30, 33, 51, 55, 58, 59, 60, 63, 66, 114, 120];['1', '1000002', '2000773', '3001255']
P00533;[16, 17, 18, 19, 24, 41, 42, 43, 64, 73, 74, 75, 86, 87, 88, 89, 90, 91, 93, 94, 95, 97, 98, 101, 139, 140, 142, 152, 153, 154, 156, 296, 299, 300];['1', '1000003', '2000046', '3000066']
P03372;[36, 39, 40, 42, 43, 44, 46, 47, 76, 77, 80, 81, 84, 87, 97, 114, 117, 118, 121, 214, 215, 217, 218, 219, 223, 226, 227, 228, 229, 232];['1', '1000000', '2000883', '3001442']
Q92731;[38, 41, 42, 44, 45, 46, 48, 49, 78, 79, 82, 83, 86, 89, 99, 116, 119, 120, 123, 215, 218, 219, 222];['1', '1000000', '2000883', '3001442']
P15090;[15, 18, 19, 22, 24, 28, 32, 35, 37, 38, 39, 50, 51, 52, 54, 56, 57, 59, 60, 61, 71, 72, 73, 74, 75, 77, 92, 94, 103, 105, 114, 116, 125, 127];['1', '1000001', '2000805', '3001332']
Q05397;[12, 13, 14, 15, 16, 17, 22, 24, 38, 40, 70, 85, 86, 87, 88, 89, 90, 91, 92, 95, 136, 137, 138, 139, 149, 150, 153, 154];['1', '1000003', '2000046', '3000066']
P11362;[20, 21, 25, 28, 48, 50, 67, 71, 81, 95, 97, 98, 99, 100, 103, 104, 107, 166, 176, 177, 178, 179, 180];['1', '1000003', '2000046', '3000066']
P14324;[59, 95, 98, 99, 102, 103, 106, 108, 110, 111, 166, 170, 173, 199, 200, 203, 204, 238, 239, 242, 243, 246, 256, 257, 258, 259, 260, 265];['1', '1000000', '2000988', '3001615']
P04150;[16, 34, 35, 38, 39, 41, 42, 45, 75, 76, 78, 79, 80, 82, 83, 86, 97, 98, 114, 117, 118, 121, 207, 210, 211, 214, 222, 224, 228];['1', '1000000', '2000883', '3001442']
P04062;[126, 127, 178, 233, 234, 236, 237, 240, 243, 244, 245, 246, 247, 282, 283, 312, 313, 339, 341, 344, 345, 380, 395, 397];['1', '1000001', '2000937', '3001528']
Q92769;[16, 22, 24, 26, 27, 91, 101, 128, 129, 130, 131, 132, 133, 141, 142, 143, 168, 170, 196, 197, 252, 263, 292, 293, 295];['1', '1000002', '2000220', '3000260']
Q9BY41;[32, 99, 100, 139, 140, 141, 142, 150, 151, 152, 177, 179, 201, 204, 205, 206, 207, 262, 272, 273, 302, 303, 305];['1', '1000002', '2000220', '3000260']
P12497;[12, 27, 29, 30, 31, 32, 34, 96, 97, 100, 101, 103, 104, 107, 108, 133, 136, 138, 149];['1', '1000002', '2000067', '3000143']
P03367;[7, 22, 24, 26, 27, 28, 29, 31, 46, 47, 48, 49, 50, 51, 52, 79, 80, 81, 83];['1', '1000001', '2000671', '3001059']
P04585;[94, 99, 100, 101, 102, 105, 106, 107, 178, 180, 185, 187, 188, 189, 222, 224, 226, 227, 228, 233, 234, 235, 317];['1', '1000003', '2000014', '3001272']
P04035;[118, 119, 120, 121, 123, 124, 127, 294, 310, 311, 314, 411, 412, 415, 416, 420];['1', '1000003', '2000014', '3001200']
P07900;[47, 50, 51, 53, 54, 57, 92, 95, 96, 97, 101, 102, 106, 107, 109, 110, 134, 135, 136, 137, 138, 149, 161, 183, 185];['1', '1000003', '2000066', '3000091']
P35557;[49, 50, 51, 52, 53, 54, 146, 147, 198, 199, 202, 203, 206, 208, 209, 223, 238, 439, 440, 443, 444];['1', '1000002', '2000067', '3000092']
P08069;[22, 23, 24, 25, 26, 27, 31, 33, 49, 51, 81, 97, 98, 99, 100, 101, 102, 103, 104, 107, 108, 111, 157, 160, 171, 174, 175, 178, 179];['1', '1000003', '2000046', '3000066']
P9WGR0;[95, 96, 97, 99, 102, 103, 148, 154, 155, 156, 157, 160, 192, 195, 197, 198, 201, 206, 210, 213, 214, 217];['1', '1000002', '2000148', '3000038', '4000029']
P20701;[1, 3, 5, 24, 28, 31, 32, 37, 102, 104, 106, 124, 126, 128, 130, 155, 156, 158, 169, 170, 173, 174, 176, 177];['1', '1000002', '2000544', '3000832', '4000639']
O60674;[13, 15, 16, 17, 18, 19, 21, 22, 23, 40, 42, 71, 89, 90, 91, 92, 93, 94, 95, 96, 98, 99, 136, 140, 141, 143, 153, 154];['1', '1000003', '2000046', '3000066']
P52732;[110, 114, 115, 116, 117, 121, 125, 128, 131, 134, 135, 158, 170, 209, 211, 212, 213, 215, 216, 217, 219, 220, 237];['1', '1000002', '2000039', '3002036']
P10721;[49, 50, 51, 52, 59, 77, 79, 100, 110, 126, 127, 128, 129, 130, 131, 132, 133, 136, 140, 212, 213, 214, 255, 265, 266, 267, 270];['1', '1000003', '2000046', '3000066']
Q9PPP5;[19, 20, 21, 22, 23, 24, 25, 26, 29, 64, 95, 96, 98, 99, 121, 122, 123, 125, 126, 127, 132, 162, 164, 177, 178, 179, 180, 181, 182, 186];['1', '1000002', '2001249', '3002019', '4003437']
P05771;[25, 27, 28, 29, 32, 35, 48, 50, 69, 73, 83, 99, 100, 101, 102, 103, 105, 106, 108, 147, 149, 150, 152, 162, 163, 164];['1', '1000003', '2000046', '3000066', '4003661']
P06239;[18, 19, 20, 21, 22, 23, 24, 25, 26, 28, 40, 41, 42, 57, 61, 70, 83, 85, 86, 87, 88, 89, 90, 91, 92, 94, 95, 99, 133, 135, 137, 138, 140, 150, 151];['1', '1000003', '2000046', '3000066']
P09960;[133, 135, 136, 266, 267, 268, 269, 270, 291, 294, 295, 298, 310, 311, 312, 313, 314, 317, 361, 363, 364, 366, 368, 373, 374, 376, 377, 378, 380, 381, 382, 562];['1', '1000003', '2001207', '3001975']
P08235;[54, 57, 58, 60, 61, 64, 94, 95, 98, 99, 102, 105, 117, 133, 136, 140, 226, 229, 230, 233, 242, 244, 248];['1', '1000000', '2000883', '3001442']
P08581;[33, 34, 35, 41, 43, 57, 59, 73, 76, 77, 79, 80, 83, 88, 89, 104, 106, 107, 108, 109, 110, 111, 112, 113, 116, 117, 120, 144, 149, 151, 160, 169, 170, 171, 172, 173, 175, 177];['1', '1000003', '2000046', '3000066']
P28482;[29, 30, 31, 32, 34, 37, 50, 52, 69, 82, 103, 104, 105, 106, 107, 108, 109, 111, 112, 149, 151, 152, 154, 164, 165];['1', '1000003', '2000046', '3000066']
P53779;[29, 30, 31, 32, 33, 34, 36, 39, 41, 50, 52, 53, 54, 72, 85, 105, 107, 108, 109, 110, 111, 112, 113, 115, 116, 154, 155, 157, 167, 184];['1', '1000003', '2000046', '3000066']
Q16539;[26, 27, 28, 31, 32, 36, 38, 47, 49, 50, 51, 69, 73, 82, 83, 84, 102, 103, 104, 105, 106, 107, 108, 109, 110, 113, 152, 154, 155, 158, 165, 166];['1', '1000003', '2000046', '3000066']
P45452;[72, 73, 79, 80, 81, 82, 83, 84, 86, 110, 114, 115, 118, 119, 122, 127, 128, 132, 133, 134, 135, 137, 138, 139, 140, 141, 143, 148, 151];['1', '1000003', '2001207', '3001975']
Q02750;[43, 44, 62, 64, 80, 83, 86, 91, 92, 93, 94, 106, 108, 153, 154, 155, 157, 160, 171, 172, 173, 174, 175, 176, 177, 180, 181, 184, 185, 188, 189, 190, 191, 192, 195, 199, 205];['1', '1000003', '2000046', '3000066']
P29476;[179, 180, 183, 269, 271, 272, 294, 298, 299, 302, 305, 408, 409];['1', '1000003', '2000856', '3001407']
P03474;[39, 40, 55, 70, 71, 72, 73, 77, 100, 101, 144, 146, 147, 149, 166, 167, 168, 198, 199, 215, 217, 269, 270, 297, 331, 332];['1', '1000001', '2000982', '3001607']
P14555;[1, 2, 4, 5, 8, 16, 17, 18, 20, 21, 22, 26, 27, 28, 29, 30, 31, 43, 46, 47, 50, 51, 54, 60, 61, 62, 93, 97];['1', '1000000', '2001035', '3001690']
O76074;[75, 76, 80, 117, 120, 124, 125, 126, 127, 145, 186, 187, 188, 227, 228, 230, 231, 238, 241, 242, 245, 246, 249, 250, 265, 266, 267, 276, 278, 279, 280, 282, 283, 285, 286, 287, 316];['1', '1000000', '2000597', '3000943']
P05979;[89, 93, 112, 115, 119, 191, 344, 347, 348, 351, 352, 353, 354, 356, 358, 380, 383, 384, 386, 512, 513, 514, 515, 516, 517, 521, 522, 525, 526, 529, 530];['1', '1000000', '2000535', '3000844']
Q05769;[57, 61, 81, 84, 88, 160, 313, 316, 317, 320, 321, 322, 323, 327, 349, 352, 353, 355, 481, 482, 483, 484, 485, 486, 490, 491, 494, 495, 498, 499];['1', '1000004', '2000181', '3000412']
P53350;[44, 45, 46, 47, 48, 49, 52, 53, 54, 56, 67, 69, 88, 92, 101, 117, 118, 119, 120, 121, 122, 123, 124, 127, 167, 168, 170, 173, 180, 181, 182];['1', '1000003', '2000046', '3000066']
P00491;[31, 32, 83, 85, 87, 114, 115, 116, 117, 197, 199, 200, 216, 217, 218, 219, 241, 242, 244, 245, 254, 256, 259];['1', '1000002', '2000408', '3000626', '4000573']
Q07869;[39, 45, 48, 49, 52, 53, 69, 70, 71, 73, 74, 75, 76, 77, 78, 81, 112, 115, 116, 119, 128, 130, 131, 132, 137, 142, 145, 149, 152, 153, 156, 238, 241, 242, 245, 254, 258, 262];['1', '1000000', '2000883', '3001442', '4001384']
Q03181;[43, 49, 52, 53, 57, 74, 75, 76, 78, 79, 80, 82, 83, 117, 120, 121, 124, 125, 127, 128, 133, 134, 135, 136, 142, 146, 147, 157, 158, 161, 162, 165, 243, 247, 263, 267];['1', '1000000', '2000883', '3001442']
P37231;[48, 51, 52, 53, 54, 73, 74, 75, 77, 78, 79, 80, 81, 82, 84, 85, 116, 119, 120, 123, 126, 132, 133, 134, 135, 136, 141, 146, 156, 157, 160, 242, 246, 258, 262, 266];['1', '1000000', '2000883', '3001442']
P06401;[34, 37, 38, 40, 41, 44, 74, 75, 78, 79, 82, 85, 97, 113, 116, 117, 120, 206, 209, 210, 213, 222, 224, 228];['1', '1000000', '2000883', '3001442']
P18031;[45, 47, 48, 115, 119, 180, 181, 214, 215, 216, 218, 219, 220, 261, 265];['1', '1000002', '2000246', '3000304']
P22102;[12, 35, 36, 57, 58, 63, 84, 86, 87, 88, 89, 90, 91, 96, 105, 106, 107, 108, 116, 117, 118, 121, 136, 138, 139, 140, 141, 142, 143, 172];['1', '1000002', '2000023', '3000030']
P00797;[17, 18, 19, 35, 37, 39, 40, 44, 45, 46, 56, 60, 80, 81, 82, 87, 110, 113, 117, 118, 120, 121, 123, 124, 125, 126, 223, 225, 227, 228, 229, 230, 232, 302, 304, 305, 308, 313];['1', '1000001', '2000671', '3001059']
Q13464;[76, 77, 84, 97, 99, 118, 122, 131, 147, 148, 149, 150, 154, 196, 197, 199, 209, 210, 362];[]
P19793;[42, 45, 46, 48, 49, 52, 82, 83, 86, 87, 89, 90, 93, 101, 103, 104, 119, 122, 123, 126, 206, 209, 210, 212, 213, 216, 228];['1', '1000000', '2000883', '3001442']
P23526;[53, 54, 56, 58, 59, 130, 155, 156, 185, 189, 300, 343, 345, 346, 350, 351, 352, 357, 361];['1', '1000002', '2001244', '3000044', '4000098']
P00523;[22, 23, 30, 42, 43, 44, 59, 62, 63, 66, 71, 72, 85, 87, 88, 89, 90, 91, 93, 94, 97, 126, 131, 132, 133, 139, 140, 142, 151, 152, 153, 154, 155, 157];['1', '1000003', '2000046', '3000066']
P36897;[10, 11, 12, 13, 14, 18, 29, 30, 31, 44, 48, 59, 61, 77, 78, 79, 80, 81, 82, 83, 84, 85, 86, 89, 134, 136, 137, 139, 149, 150];['1', '1000003', '2000046', '3000066']
P10828;[25, 60, 63, 64, 66, 67, 70, 73, 74, 101, 104, 105, 107, 108, 111, 119, 120, 121, 122, 123, 132, 135, 136, 137, 144, 226, 229, 230, 233, 242, 243, 246, 250];['1', '1000000', '2000883', '3001442']
Q15661;[131, 133, 134, 135, 187, 188, 189, 190, 193, 211, 212, 213, 214, 216, 217, 224, 225];['1', '1000001', '2000083', '3000114']
P0A884;[20, 47, 48, 49, 50, 52, 53, 54, 57, 75, 76, 77, 78, 79, 82, 93, 142, 145, 146, 164, 166, 167, 168, 171, 172, 175, 176, 206, 208, 257, 258, 259, 261, 262, 263];['1', '1000003', '2000371', '3000544']
P00749;[45, 49, 90, 91, 93, 141, 144, 191, 192, 193, 194, 197, 215, 216, 217, 218, 219, 220, 221, 223, 227, 228, 229];['1', '1000001', '2000083', '3000114']
P35968;[25, 33, 51, 52, 53, 69, 70, 73, 74, 77, 83, 84, 99, 101, 102, 103, 104, 107, 108, 204, 209, 210, 211, 212, 220, 229, 230, 231, 232, 235];[]
P30291;[12, 13, 14, 15, 16, 22, 35, 36, 37, 55, 59, 69, 83, 85, 86, 87, 88, 89, 90, 91, 92, 95, 96, 98, 99, 102, 137, 139, 140, 142, 171, 172, 173];['1', '1000003', '2000046', '3000066']
P98170;[36, 41, 42, 43, 48, 49, 50, 51, 52, 53, 54, 55, 58, 63, 66, 67, 68];['1', '1000004', '2000929', '3001510']
